id,day,priority,owner,depends_on,task,deliverable,acceptance_criteria,verification,estimate_hours,status,evidence,blocker
"SSY-CAD-01","1","P1","Agent","","Translate SSY-03 into a CAD parameter and defect contract","NEW cad/shroud/parameters.csv; cad/shroud/design-inputs.md","Draft rotor frame, duct profile, uniform/two-lobe/seam/radial-step definitions, equal-mean convention and source status. Released parameter values depend on completion of SSY-01/02/03; do not invent those decisions.","Review mappings to SSY-03 and matched-thrust protocol; list undecided amplitudes, tolerances and metrology resolution explicitly.","2","todo","",""
"SSY-CAD-02","1","P1","Owner","SSY-CAD-01","Approve reference geometry and design/fabrication input split","NEW cad/shroud/owner-inputs.md","Confirm SSY-01/02/03 decisions and a sourced nominal rotor/reference profile for desk CAD. Separately record actual stand, probe and qualified containment access as available or pending; missing hardware does not prevent a clearly nominal design-only floor.","Sign parameter contract and identify which interfaces are provisional; no fabrication release from assumed stand dimensions.","2","blocked","","SSY-01/02/03 close the exact-gap, uncertainty and geometry decisions. Nominal desk CAD can use sourced design geometry; fabrication additionally needs actual rotor/stand, containment and instrument interfaces. Mechanisms require the separate confirmed Experiment 01 continuation gate."
"SSY-CAD-03","2","P1","Agent","SSY-CAD-02","Model open-rotor carrier and continuous reference duct","NEW cad/shroud/reference/ (source, STEP, datums)","Use shared rotor-axis/stand datums and nominal profile; model monolithic reference plus removable open-rotor configuration without silently changing support blockage. Register static clearance, inlet arrangement and surface finish assumptions.","Check symmetry, mounting repeatability, inlet/support obstruction and section dimensions; retain source-generated nominal gap samples.","4","blocked","","Requires completed SSY-CAD-02 with its recorded input decisions; no modeling has started."
"SSY-CAD-04","3","P1","Agent","SSY-CAD-03","Model uniform-clearance and two-lobe inserts","NEW cad/shroud/inserts/harmonics/ (source, STEP, parameter cases)","Parameterize interchangeable uniform and two-lobe treatments at the registered equal mean; isolate amplitude from mounting changes. Reject intersecting rotor envelopes and record minimum static clearance independently of mean.","Regenerate each registered case; sample clearance around the full circumference and compare mean/harmonic amplitude against the contract, including zero-amplitude equivalence.","4","blocked","","Requires completed SSY-CAD-03 with its recorded input decisions; no modeling has started."
"SSY-CAD-05","4","P1","Agent","SSY-CAD-03","Model discrete seam and radial-step insert families","NEW cad/shroud/inserts/discrete/ (source, STEP, detail drawings)","Define seam width/depth and local radial steps with explicit averaging convention, seam endpoint treatment and unchanged reference datums. Seam belongs to the pilot; step fabrication/testing requires its registered extension. A missing wall cannot be assigned a fictitious finite radial clearance.","Check limiting zero-defect cases, domain of clearance sampling and equal-mean calculation; retain descriptor/geometry correspondence and separate undefined seam samples.","4","blocked","","Requires completed SSY-CAD-03 with its recorded input decisions; no modeling has started."
"SSY-CAD-06","5","P1","Agent","SSY-CAD-02;SSY-CAD-03;SSY-CAD-04;SSY-CAD-05","Model exchange, alignment and clearance-metrology interfaces","NEW cad/shroud/stand-interface/ (source, STEP, probe-access drawings)","Design indexing/retention, rotor-axis alignment and dynamic-clearance probe/camera access around actual or explicitly nominal instruments. Keep the experimental duct distinct from qualified blade containment; external shielding must not bias inlet flow unnoticed.","Review repeatability stack-up, sensor line of sight, installation/removal and inlet obstruction. Pending actual hardware blocks fabrication, not nominal floor CAD.","4","blocked","","Requires completed SSY-CAD-02, SSY-CAD-03, SSY-CAD-04, SSY-CAD-05 with its recorded input decisions; no modeling has started."
"SSY-CAD-07","6","P1","Agent","SSY-CAD-04;SSY-CAD-05;SSY-CAD-06","Release the rigid-defect inspection and CAD evidence pack","NEW cad/shroud/release/ (BOM, drawings, export/descriptor manifest, inspection sheets)","Deliver native/source version, STEP, defect parameters, toleranced datums, comparable cross-section/exploded views and individual specimen inspection points. Split nominal design review from fabrication release; reconcile SSY-04 acceptance without claiming SSY-06 research floor complete.","Reopen all exports, compare profile/clearance descriptors and check units/part IDs. Retain hashes and review findings; data collection requires qualified measurement system and facility approval.","3","blocked","","Requires completed SSY-CAD-04, SSY-CAD-05, SSY-CAD-06 with its recorded input decisions; no modeling has started."
"SSY-CAD-08","conditional","P2","Agent","SSY-CAD-07","Model ordinary over-center closure comparator","NEW cad/shroud/closures/over-center/ (source, STEP, assembly)","Only after separate confirmed Experiment 01 continuation and approved mechanism requirements: detail joints, hard stops and ordinary over-center latch within fixed nominal geometry and ring-mass budget.","Check deployment sweep, tolerance/clearance and latch load paths; retain geometry and mass basis for a fair comparator.","5","deferred","","Out of the initial CAD phase; promote only after the recorded trigger and owner review."
"SSY-CAD-09","conditional","P2","Agent","SSY-CAD-08","Model self-centering preload-controlled closure","NEW cad/shroud/closures/preload-controlled/ (source, STEP, assembly)","Same continuation gate; detail locating features, preload adjustment and replaceable wear interfaces. Match comparator nominal geometry/ring mass or report residual differences; do not infer energy barrier or shock resistance from a render.","Review kinematics and tolerance propagation to seams/ovality; define measurement datums for preload, reconstruction variance and later stiffness/release tests.","6","deferred","","Out of the initial CAD phase; promote only after the recorded trigger and owner review."
