rank,id,year,db,title,url,triage_score,triage_terms,screening_status
1,doi:10.1115/gt2020-15403,2020,crossref,Blade Tip Clearance Measurement Systems for High Speed Turbomachinery Applications and the Potential for Blade Tip Timing Applications,https://doi.org/10.1115/gt2020-15403,10,tip clearance;optical;capacitive;clearance measurement;rotor,UNSCREENED - keyword triage only
2,doi:10.1115/78-gt-164,1978,crossref,Turbine Blade Tip Clearance Measurement Utilizing Borescope Photography,https://doi.org/10.1115/78-gt-164,9,tip clearance;shroud;clearance measurement;rotor,UNSCREENED - keyword triage only
3,doi:10.1115/1.3230742,1981,crossref,Laser-Optical Blade Tip Clearance Measurement System,https://doi.org/10.1115/1.3230742,9,tip clearance;ducted;optical;clearance measurement;rotor,UNSCREENED - keyword triage only
4,doi:10.1115/91-gt-164,1991,crossref,Turbine Blade Tip Clearance Improvement,https://doi.org/10.1115/91-gt-164,9,tip clearance;shroud;clearance measurement;rotor,UNSCREENED - keyword triage only
5,doi:10.1115/2000-gt-0416,2000,crossref,Non-Uniform Flow in a Compressor due to Asymmetric Tip Clearance,https://doi.org/10.1115/2000-gt-0416,9,tip clearance;non-uniform;non-axisymmetric;rotor,UNSCREENED - keyword triage only
6,doi:10.1063/1.4964858,2016,crossref,On the development of a magnetoresistive sensor for blade tip timing and blade tip clearance measurement systems,https://doi.org/10.1063/1.4964858,9,tip clearance;optical;capacitive;clearance measurement,UNSCREENED - keyword triage only
7,doi:10.1115/gt2022-82750,2022,crossref,Analytical Methods for Transonic Compressor Rotor Blade Tip Clearance Measurements Using Capacitive Probes,https://doi.org/10.1115/gt2022-82750,9,tip clearance;capacitive;clearance measurement;rotor,UNSCREENED - keyword triage only
8,doi:10.2139/ssrn.4820937,2024,crossref,Improving the Blade Tip Clearance Measurement Method Based on Blade Tip Timing: Accounting for Rotor Speed Variations and Non-Uniform Blade-by-Blade Tip Clearan,https://doi.org/10.2139/ssrn.4820937,9,tip clearance;non-uniform;clearance measurement;rotor,UNSCREENED - keyword triage only
9,doi:10.1016/j.heliyon.2024.e25296,2024,crossref,Numerical investigation on the influence of nonuniform tip clearance on rotor tip-clearance flow field structure,https://doi.org/10.1016/j.heliyon.2024.e25296,9,tip clearance;tip-clearance;nonuniform;rotor,UNSCREENED - keyword triage only
10,doi:10.1016/j.measurement.2024.115777,2025,crossref,Improving the blade tip clearance measurement method based on blade tip timing: Accounting for rotor speed variations and non-uniform blade-by-blade tip clearan,https://doi.org/10.1016/j.measurement.2024.115777,9,tip clearance;non-uniform;clearance measurement;rotor,UNSCREENED - keyword triage only
11,doi:10.1109/imtc.2002.1007093,,crossref,Capacitive blade tip clearance measurements for a micro gas turbine,https://doi.org/10.1109/imtc.2002.1007093,8,tip clearance;capacitive;clearance measurement,UNSCREENED - keyword triage only
12,doi:10.1243/jmes_jour_1974_016_070_02,1974,crossref,Theoretical Studies of Tip Clearance and Radial Variation of Blade Loading on the Operation of Ducted Fans and Propellers,https://doi.org/10.1243/jmes_jour_1974_016_070_02,8,tip clearance;ducted fan;ducted;rotor;propeller,UNSCREENED - keyword triage only
13,doi:10.1115/96-ta-001,1996,crossref,Review of Progress in the Development of Capacitive Sensors for Blade Tip Clearance Measurement,https://doi.org/10.1115/96-ta-001,8,tip clearance;capacitive;clearance measurement,UNSCREENED - keyword triage only
14,doi:10.1088/0957-0233/11/7/303,2000,crossref,Techniques for blade tip clearance measurements with capacitive probes,https://doi.org/10.1088/0957-0233/11/7/303,8,tip clearance;capacitive;clearance measurement,UNSCREENED - keyword triage only
15,doi:10.1115/gt2004-53563,2004,crossref,The Measurement of Turbomachinery Blade Vibration Through Tip Timing With Capacitance Tip Clearance Probes,https://doi.org/10.1115/gt2004-53563,8,tip clearance;optical;clearance measurement;rotor,UNSCREENED - keyword triage only
16,doi:10.1115/gt2011-46356,2011,crossref,Tip Clearance Investigation of a Ducted Fan Used in VTOL UAVS: Part 1—Baseline Experiments and Computational Validation,https://doi.org/10.1115/gt2011-46356,8,tip clearance;ducted fan;ducted;rotor;propeller,UNSCREENED - keyword triage only
17,doi:10.1115/1.4023468,2013,crossref,Tip Clearance Investigation of a Ducted Fan Used in VTOL Unmanned Aerial Vehicles—Part I: Baseline Experiments and Computational Validation,https://doi.org/10.1115/1.4023468,8,tip clearance;ducted fan;ducted;rotor;propeller,UNSCREENED - keyword triage only
18,doi:10.1115/89-gt-82,1989,crossref,Effects of Tip Clearance of Nozzle Vanes on Performance of Radial Turbine Rotor,https://doi.org/10.1115/89-gt-82,7,tip clearance;tip-clearance;rotor,UNSCREENED - keyword triage only
19,doi:10.1115/94-gt-040,1994,crossref,A Blade by Blade Tip Clearance Measurement System for Gas Turbine Applications,https://doi.org/10.1115/94-gt-040,7,tip clearance;clearance measurement;rotor,UNSCREENED - keyword triage only
20,doi:10.1115/1.2814098,1995,crossref,A Blade-by-Blade Tip Clearance Measurement System for Gas Turbine Applications,https://doi.org/10.1115/1.2814098,7,tip clearance;clearance measurement;rotor,UNSCREENED - keyword triage only
21,doi:10.1115/1.2777187,2008,crossref,Optimized Shroud Design for Axial Turbine Aerodynamic Performance,https://doi.org/10.1115/1.2777187,7,tip clearance;ducted;shroud;rotor,UNSCREENED - keyword triage only
22,doi:10.4050/vfs-f66-000338,2010,crossref,Influence of Tip Clearance and Inlet Flow Distortion on Ducted Fan Performance in VTOL UAVs,https://doi.org/10.4050/vfs-f66-000338,7,tip clearance;ducted fan;ducted;rotor,UNSCREENED - keyword triage only
23,doi:10.1115/gt2011-46359,2011,crossref,Tip Clearance Investigation of a Ducted Fan Used in VTOL UAVS: Part 2—Novel Treatments via Computational Design and Their Experimental Verification,https://doi.org/10.1115/gt2011-46359,7,tip clearance;ducted fan;ducted;rotor,UNSCREENED - keyword triage only
24,doi:10.1117/12.903907,2011,crossref,Turbine blade tip clearance measurements using skewed dual optical beams of tip timing,https://doi.org/10.1117/12.903907,7,tip clearance;optical;clearance measurement,UNSCREENED - keyword triage only
25,doi:10.1115/1.4023469,2013,crossref,Tip Clearance Investigation of a Ducted Fan Used in VTOL Unmanned Aerial Vehicles—Part II: Novel Treatments Via Computational Design and Their Experimental Veri,https://doi.org/10.1115/1.4023469,7,tip clearance;ducted fan;ducted;rotor,UNSCREENED - keyword triage only
